corpusid_sectionid,title,date,section_title,question_rephrased,markdown_link,IDK
8729907-s1,The Language ENvironment Analysis (LENA) System: A Literature Review,2016-11-15,The LENA System,How does the LENA System analyze audio recordings to determine language exposure and interaction metrics?,https://github.com/realliyifei/capri-explore/tree/main/qa_pairs_v19/markdown_files/8729907-s1.md,False
263153015-s2,"A Survey of Chain of Thought Reasoning: Advances, Frontiers and Future",2023-09-27,Background,In what ways does chain-of-thought prompting improve the reasoning capabilities and interpretability of large language models?,https://github.com/realliyifei/capri-explore/tree/main/qa_pairs_v19/markdown_files/263153015-s2.md,False
251307817-s12,Rhetorical Structure Approach for Online Deception Detection: A Survey,2022,Discourse-Aware Deception Detection: Main Challenges,"What are the main criticisms of the original RST proposal, and how have researchers addressed these issues?",https://github.com/realliyifei/capri-explore/tree/main/qa_pairs_v19/markdown_files/251307817-s12.md,False
252461144-s4,A Survey of Machine Translation Tasks on Nigerian Languages,2022,Machine Translation Techniques,"What is the Rule-based Approach in machine translation, and what are its benefits and limitations?",https://github.com/realliyifei/capri-explore/tree/main/qa_pairs_v19/markdown_files/252461144-s4.md,False
246017121-s16,Automatic Speech Recognition Datasets in Cantonese: A Survey and New Dataset,2022-01-07,Implementation Details,How is data pre-processed and tokenized in Cantonese automatic speech recognition datasets?,https://github.com/realliyifei/capri-explore/tree/main/qa_pairs_v19/markdown_files/246017121-s16.md,False
14642384-s3,DISCOURSE-NEW DETECTORS FOR DEFINITE DESCRIPTION RESOLUTION: A SURVEY AND A PRELIMINARY PROPOSAL,2004-07-01,Descriptions serving as disguised PROPER,How are decision trees used to classify definite descriptions as either discourse-new or anaphoric?,https://github.com/realliyifei/capri-explore/tree/main/qa_pairs_v19/markdown_files/14642384-s3.md,False
237353268-s8,Neuron-level Interpretation of Deep NLP Models: A Survey,2021-08-30,Causation-based methods,How do causation-based methods like ablation determine and assess the significance of neurons in deep NLP models?,https://github.com/realliyifei/capri-explore/tree/main/qa_pairs_v19/markdown_files/237353268-s8.md,False
237353268-s18,Neuron-level Interpretation of Deep NLP Models: A Survey,2021-08-30,Lexical Concepts,"How have researchers identified neurons that capture lexical concepts in deep NLP models, and what methods have they used?",https://github.com/realliyifei/capri-explore/tree/main/qa_pairs_v19/markdown_files/237353268-s18.md,False
263835243-s4,How Do Large Language Models Capture the Ever-changing World Knowledge? A Review of Recent Advances,2023-10-11,Continual Learning,How do regularization-based methods and replay methods help mitigate catastrophic forgetting in continual learning?,https://github.com/realliyifei/capri-explore/tree/main/qa_pairs_v19/markdown_files/263835243-s4.md,False
264490542-s3,An Integrative Survey on Mental Health Conversational Agents to Bridge Computer Science and Medical Perspectives,2023-10-25,Paper Databases,"What was the process for selecting papers in the study of mental health conversational agents, and what criteria were applied during the search?",https://github.com/realliyifei/capri-explore/tree/main/qa_pairs_v19/markdown_files/264490542-s3.md,False
264305746-s6,The Sentiment Problem: A Critical Survey towards Deconstructing Sentiment Analysis,2023-10-18,The Social Perception of Sentiment,"How do the definitions of opinion, emotion, and subjectivity differ from sentiment, and why are they not synonymous?",https://github.com/realliyifei/capri-explore/tree/main/qa_pairs_v19/markdown_files/264305746-s6.md,False
264305746-s14,The Sentiment Problem: A Critical Survey towards Deconstructing Sentiment Analysis,2023-10-18,Finance,"How is sentiment defined in the context of finance, and what are the common assumptions made about it in most studies?",https://github.com/realliyifei/capri-explore/tree/main/qa_pairs_v19/markdown_files/264305746-s14.md,False
258832362-s3,Beyond Words: A Comprehensive Survey of Sentence Representations,2023-05-22,Word Representations,How did Word2Vec overcome the limitations of traditional word representation methods in natural language processing?,https://github.com/realliyifei/capri-explore/tree/main/qa_pairs_v19/markdown_files/258832362-s3.md,False
258832362-s12,Beyond Words: A Comprehensive Survey of Sentence Representations,2023-05-22,Model Level,How can dropout be used to create positive examples for sentence representations in contrastive learning?,https://github.com/realliyifei/capri-explore/tree/main/qa_pairs_v19/markdown_files/258832362-s12.md,False
258832362-s15,Beyond Words: A Comprehensive Survey of Sentence Representations,2023-05-22,Alternative Loss and Objectives,What supplementary losses have been introduced to enhance the effectiveness of Contrastive loss in sentence representation learning?,https://github.com/realliyifei/capri-explore/tree/main/qa_pairs_v19/markdown_files/258832362-s15.md,False
3254638-s2,A Critical Survey of the Methodology for IE Evaluation,2004,Problematic Issues in IE Evaluation,What challenges arise in evaluating extracted fragments in Information Extraction (IE) systems?,https://github.com/realliyifei/capri-explore/tree/main/qa_pairs_v19/markdown_files/3254638-s2.md,False
260063224-s10,How to Control Sentiment in Text Generation: A Survey of the State-of-the-Art in Sentiment-Control Techniques,2023,Modification of Token Distribution,How are recent methods modifying token distribution to control sentiment in text generation?,https://github.com/realliyifei/capri-explore/tree/main/qa_pairs_v19/markdown_files/260063224-s10.md,False
264832783-s9,The Mystery and Fascination of LLMs: A Comprehensive Survey on the Interpretation and Analysis of Emergent Abilities,2023-11-01,Pre-training Data,How does the frequency of terms in pre-training data influence numerical reasoning performance in few-shot settings?,https://github.com/realliyifei/capri-explore/tree/main/qa_pairs_v19/markdown_files/264832783-s9.md,False
222124957-s2,Which *BERT? A Survey Organizing Contextualized Encoders,2020-10-02,Transfer: The Pretrain-Finetune Framework,How are text representations evaluated in relation to downstream natural language understanding benchmarks?,https://github.com/realliyifei/capri-explore/tree/main/qa_pairs_v19/markdown_files/222124957-s2.md,False
222124957-s5,Which *BERT? A Survey Organizing Contextualized Encoders,2020-10-02,Nontoken Prediction,In what ways have self-supervised discourse structure objectives been applied in the pretraining of encoders for natural language understanding?,https://github.com/realliyifei/capri-explore/tree/main/qa_pairs_v19/markdown_files/222124957-s5.md,False
222124957-s8,Which *BERT? A Survey Organizing Contextualized Encoders,2020-10-02,Training,What strategies are recent research efforts employing to reduce the wall-clock training time for BERT models?,https://github.com/realliyifei/capri-explore/tree/main/qa_pairs_v19/markdown_files/222124957-s8.md,False
222124957-s9,Which *BERT? A Survey Organizing Contextualized Encoders,2020-10-02,Inference,"What are the techniques for reducing the size and inference time of BERT-like models, and what are their limitations?",https://github.com/realliyifei/capri-explore/tree/main/qa_pairs_v19/markdown_files/222124957-s9.md,False
222124957-s17,Which *BERT? A Survey Organizing Contextualized Encoders,2020-10-02,Input Manipulation 13,What are the pros and cons of using input manipulation for probing tasks in contextualized encoders?,https://github.com/realliyifei/capri-explore/tree/main/qa_pairs_v19/markdown_files/222124957-s17.md,False
52011136-s1,A review of Spanish corpora annotated with negation,2018-08-01,Negation in Spanish,"What are the key elements involved in annotating negation in English, and how do these differ from the approach used for Spanish?",https://github.com/realliyifei/capri-explore/tree/main/qa_pairs_v19/markdown_files/52011136-s1.md,False
47019063-s7,Diachronic word embeddings and semantic shifts: a survey,2018-06-09,Comparing vectors across time,How can we effectively compare word vectors from different time-specific models?,https://github.com/realliyifei/capri-explore/tree/main/qa_pairs_v19/markdown_files/47019063-s7.md,False
47019063-s9,Diachronic word embeddings and semantic shifts: a survey,2018-06-09,Diachronic semantic relations,How do diachronic word embeddings address and solve temporal analogies across different time periods?,https://github.com/realliyifei/capri-explore/tree/main/qa_pairs_v19/markdown_files/47019063-s9.md,False
47019063-s10,Diachronic word embeddings and semantic shifts: a survey,2018-06-09,Applications,"What are the two main categories of applications for diachronic word embeddings, and what do they entail?",https://github.com/realliyifei/capri-explore/tree/main/qa_pairs_v19/markdown_files/47019063-s10.md,False
49587276-s4,A Survey on Recent Advances in Named Entity Recognition from Deep Learning models,2018-08-01,NER evaluation metrics,What are the differences between relaxed F1 and strict F1 metrics in evaluating NER predictions?,https://github.com/realliyifei/capri-explore/tree/main/qa_pairs_v19/markdown_files/49587276-s4.md,False
49587276-s9,A Survey on Recent Advances in Named Entity Recognition from Deep Learning models,2018-08-01,Character level architectures,How are character labels converted into word labels in character-level architectures for NER models?,https://github.com/realliyifei/capri-explore/tree/main/qa_pairs_v19/markdown_files/49587276-s9.md,False
49587276-s10,A Survey on Recent Advances in Named Entity Recognition from Deep Learning models,2018-08-01,Character+Word level architectures,How do neural network systems that infer features compare to those that rely on feature engineering in Named Entity Recognition (NER) tasks across various languages?,https://github.com/realliyifei/capri-explore/tree/main/qa_pairs_v19/markdown_files/49587276-s10.md,False
49215220-s6,A Survey on Open Information Extraction,2018-06-14,Evaluation,"What are the main challenges in evaluating Open Information Extraction (Open IE) systems, and how do these challenges affect the ability to compare different systems?",https://github.com/realliyifei/capri-explore/tree/main/qa_pairs_v19/markdown_files/49215220-s6.md,False
237099284-s11,Recent Neural Methods on Dialogue State Tracking for Task-Oriented Dialogue Systems: A Survey,2021,RNN and latency in DST.,"What strategies have been proposed to improve latency in dialogue state tracking (DST) models, and how do these strategies address the latency issues?",https://github.com/realliyifei/capri-explore/tree/main/qa_pairs_v19/markdown_files/237099284-s11.md,False
237099284-s12,Recent Neural Methods on Dialogue State Tracking for Task-Oriented Dialogue Systems: A Survey,2021,Dynamic Ontology DST Models,How does the TRADE model enable effective knowledge transfer across different domains in dialogue state tracking?,https://github.com/realliyifei/capri-explore/tree/main/qa_pairs_v19/markdown_files/237099284-s12.md,False
9089503-s2,A Review of Corpus-based Statistical Models of Language Variation,2015-10-01,Modeling phonetic variation,"What role did the Buckeye corpus play in advancing the study of phonetic variation, and what were its significant findings?",https://github.com/realliyifei/capri-explore/tree/main/qa_pairs_v19/markdown_files/9089503-s2.md,False
262460726-s2,A Practical Survey on Zero-shot Prompt Design for In-context Learning,2023-09-22,Prompts for Encoder-only Transformer Models (BERT),"What methods have been proposed for designing discrete prompts in BERT models, and how do these methods work?",https://github.com/realliyifei/capri-explore/tree/main/qa_pairs_v19/markdown_files/262460726-s2.md,False
262460726-s9,A Practical Survey on Zero-shot Prompt Design for In-context Learning,2023-09-22,Evaluation,What are the primary categories and methods for assessing prompt performance in in-context learning?,https://github.com/realliyifei/capri-explore/tree/main/qa_pairs_v19/markdown_files/262460726-s9.md,False
252683270-s9,A Decade of Knowledge Graphs in Natural Language Processing: A Survey,2022-09-30,Knowledge Graph Construction,How do entity extraction and relation extraction play a role in building new Knowledge Graphs?,https://github.com/realliyifei/capri-explore/tree/main/qa_pairs_v19/markdown_files/252683270-s9.md,False
252762171-s16,"The Lifecycle of ""Facts"": A Survey of Social Bias in Knowledge Graphs",2022-10-07,Downstream Task Bias: Link Prediction,What is the difference between demographic parity and predictive parity in assessing fairness in link prediction tasks?,https://github.com/realliyifei/capri-explore/tree/main/qa_pairs_v19/markdown_files/252762171-s16.md,False
252992688-s9,A Survey of Active Learning for Natural Language Processing,2022-10-18,Discriminative 3,How can similarity scores and feature-based metrics be applied in active learning to select instances for NLP tasks?,https://github.com/realliyifei/capri-explore/tree/main/qa_pairs_v19/markdown_files/252992688-s9.md,False
252992688-s10,A Survey of Active Learning for Natural Language Processing,2022-10-18,Batch Diversity,What are the common strategies for selecting a diverse batch of instances in active learning?,https://github.com/realliyifei/capri-explore/tree/main/qa_pairs_v19/markdown_files/252992688-s10.md,False
252992688-s19,A Survey of Active Learning for Natural Language Processing,2022-10-18,Directly Reducing Cost,How do pre-annotation and interactive systems help in reducing annotation costs in active learning for NLP tasks?,https://github.com/realliyifei/capri-explore/tree/main/qa_pairs_v19/markdown_files/252992688-s19.md,False
252992688-s23,A Survey of Active Learning for Natural Language Processing,2022-10-18,Learning,How can active learning be effectively combined with data augmentation techniques to enhance instance querying?,https://github.com/realliyifei/capri-explore/tree/main/qa_pairs_v19/markdown_files/252992688-s23.md,False
256461177-s12,A Survey of Computational Framing Analysis Approaches,2022,Structural Topic Modeling (STM),How does incorporating metadata improve the interpretability of topics in Structural Topic Modeling (STM)?,https://github.com/realliyifei/capri-explore/tree/main/qa_pairs_v19/markdown_files/256461177-s12.md,False
1509090-s7,Multiword Expression Processing: A Survey under a Creative Commons Attribution-NonCommercial-NoDerivatives 4.0 International (CC BY-NC-ND 4.0) license Computational Linguistics,2017-12-01,MWE Discovery,"What is MWE discovery, and how does it differ from MWE identification methods?",https://github.com/realliyifei/capri-explore/tree/main/qa_pairs_v19/markdown_files/1509090-s7.md,False
1509090-s10,Multiword Expression Processing: A Survey under a Creative Commons Attribution-NonCommercial-NoDerivatives 4.0 International (CC BY-NC-ND 4.0) license Computational Linguistics,2017-12-01,Main MWE Discovery Methods,How do linguistic properties such as collocation and non-compositionality contribute to methods for discovering multiword expressions?,https://github.com/realliyifei/capri-explore/tree/main/qa_pairs_v19/markdown_files/1509090-s10.md,False
1509090-s11,Multiword Expression Processing: A Survey under a Creative Commons Attribution-NonCommercial-NoDerivatives 4.0 International (CC BY-NC-ND 4.0) license Computational Linguistics,2017-12-01,Association,How do statistical association measures determine the strength of word associations in the discovery of multiword expressions (MWEs)?,https://github.com/realliyifei/capri-explore/tree/main/qa_pairs_v19/markdown_files/1509090-s11.md,False
1509090-s15,Multiword Expression Processing: A Survey under a Creative Commons Attribution-NonCommercial-NoDerivatives 4.0 International (CC BY-NC-ND 4.0) license Computational Linguistics,2017-12-01,Supervised Learning.,What challenges are associated with using annotated data sets in supervised methods for discovering multiword expressions?,https://github.com/realliyifei/capri-explore/tree/main/qa_pairs_v19/markdown_files/1509090-s15.md,False
1509090-s23,Multiword Expression Processing: A Survey under a Creative Commons Attribution-NonCommercial-NoDerivatives 4.0 International (CC BY-NC-ND 4.0) license Computational Linguistics,2017-12-01,Rule-Based Methods.,"How do rule-based methods address the challenges of variability, discontiguity, and ambiguity in processing multiword expressions (MWEs)?",https://github.com/realliyifei/capri-explore/tree/main/qa_pairs_v19/markdown_files/1509090-s23.md,False
1509090-s24,Multiword Expression Processing: A Survey under a Creative Commons Attribution-NonCommercial-NoDerivatives 4.0 International (CC BY-NC-ND 4.0) license Computational Linguistics,2017-12-01,Sense Disambiguation Methods.,How do methods inspired by word sense disambiguation approach the identification and classification of multiword expressions (MWEs)?,https://github.com/realliyifei/capri-explore/tree/main/qa_pairs_v19/markdown_files/1509090-s24.md,False
1509090-s27,Multiword Expression Processing: A Survey under a Creative Commons Attribution-NonCommercial-NoDerivatives 4.0 International (CC BY-NC-ND 4.0) license Computational Linguistics,2017-12-01,Open Issues in MWE Identification,What are the current limitations and challenges faced by identification models in recognizing discontiguous and overlapping multiword expressions (MWEs)?,https://github.com/realliyifei/capri-explore/tree/main/qa_pairs_v19/markdown_files/1509090-s27.md,False
1509090-s29,Multiword Expression Processing: A Survey under a Creative Commons Attribution-NonCommercial-NoDerivatives 4.0 International (CC BY-NC-ND 4.0) license Computational Linguistics,2017-12-01,Motivations and Challenges for MWE-Aware Parsing,How does MWE-aware parsing effectively tackle the challenges posed by non-compositionality and discontiguity in multiword expressions?,https://github.com/realliyifei/capri-explore/tree/main/qa_pairs_v19/markdown_files/1509090-s29.md,False
1509090-s31,Multiword Expression Processing: A Survey under a Creative Commons Attribution-NonCommercial-NoDerivatives 4.0 International (CC BY-NC-ND 4.0) license Computational Linguistics,2017-12-01,Discovery after,What are the methods used to identify flexible multiword expressions (MWEs) through linguistic patterns based on parsing?,https://github.com/realliyifei/capri-explore/tree/main/qa_pairs_v19/markdown_files/1509090-s31.md,False
1509090-s32,Multiword Expression Processing: A Survey under a Creative Commons Attribution-NonCommercial-NoDerivatives 4.0 International (CC BY-NC-ND 4.0) license Computational Linguistics,2017-12-01,Identification Before,What are the challenges and limitations associated with pre-identifying multiword expressions (MWEs) before parsing in natural language processing (NLP) systems?,https://github.com/realliyifei/capri-explore/tree/main/qa_pairs_v19/markdown_files/1509090-s32.md,False
1509090-s34,Multiword Expression Processing: A Survey under a Creative Commons Attribution-NonCommercial-NoDerivatives 4.0 International (CC BY-NC-ND 4.0) license Computational Linguistics,2017-12-01,Identification after Parsing.,How can reranking be used to enhance the accuracy of identifying multiword expressions in parsed text?,https://github.com/realliyifei/capri-explore/tree/main/qa_pairs_v19/markdown_files/1509090-s34.md,False
1509090-s35,Multiword Expression Processing: A Survey under a Creative Commons Attribution-NonCommercial-NoDerivatives 4.0 International (CC BY-NC-ND 4.0) license Computational Linguistics,2017-12-01,Evaluation of MWE-Aware Parsing,What are the challenges and solutions in evaluating parsers that are aware of multiword expressions (MWEs) in syntactic parsing?,https://github.com/realliyifei/capri-explore/tree/main/qa_pairs_v19/markdown_files/1509090-s35.md,False
1509090-s37,Multiword Expression Processing: A Survey under a Creative Commons Attribution-NonCommercial-NoDerivatives 4.0 International (CC BY-NC-ND 4.0) license Computational Linguistics,2017-12-01,MWE Processing and Machine Translation,How do statistical machine translation systems determine the most probable translations during the decoding process?,https://github.com/realliyifei/capri-explore/tree/main/qa_pairs_v19/markdown_files/1509090-s37.md,False
1509090-s38,Multiword Expression Processing: A Survey under a Creative Commons Attribution-NonCommercial-NoDerivatives 4.0 International (CC BY-NC-ND 4.0) license Computational Linguistics,2017-12-01,Motivations and Challenges for MWE-Aware Machine Translation,What are the primary challenges faced by machine translation systems when translating multiword expressions (MWEs)?,https://github.com/realliyifei/capri-explore/tree/main/qa_pairs_v19/markdown_files/1509090-s38.md,False
1509090-s40,Multiword Expression Processing: A Survey under a Creative Commons Attribution-NonCommercial-NoDerivatives 4.0 International (CC BY-NC-ND 4.0) license Computational Linguistics,2017-12-01,Discovery after MT.,How do methods using parallel corpora identify and filter multiword expression (MWE) candidates in multilingual discovery?,https://github.com/realliyifei/capri-explore/tree/main/qa_pairs_v19/markdown_files/1509090-s40.md,False
1509090-s41,Multiword Expression Processing: A Survey under a Creative Commons Attribution-NonCommercial-NoDerivatives 4.0 International (CC BY-NC-ND 4.0) license Computational Linguistics,2017-12-01,Evaluation of MWE-Aware MT,What are the primary challenges and limitations in assessing the quality of multiword expression (MWE) translation in machine translation systems?,https://github.com/realliyifei/capri-explore/tree/main/qa_pairs_v19/markdown_files/1509090-s41.md,False
226283737-s3,An Empirical Survey of Unsupervised Text Representation Methods on Twitter Data,2020-11-01,Evaluation Metrics,"How do clustering evaluation metrics account for chance, and what do their value ranges signify?",https://github.com/realliyifei/capri-explore/tree/main/qa_pairs_v19/markdown_files/226283737-s3.md,False
251196750-s3,"""Do you follow me?"": A Survey of Recent Approaches in Dialogue State Tracking",2022-07-29,Datasets,"What are the two primary methods for collecting dialogue datasets, and what are the pros and cons of each?",https://github.com/realliyifei/capri-explore/tree/main/qa_pairs_v19/markdown_files/251196750-s3.md,False
251196750-s8,"""Do you follow me?"": A Survey of Recent Approaches in Dialogue State Tracking",2022-07-29,Adapting PLMs to Dialogues,How does adapting pre-trained language models (PLMs) to dialogues and specific target domains improve performance in dialogue state tracking (DST) tasks?,https://github.com/realliyifei/capri-explore/tree/main/qa_pairs_v19/markdown_files/251196750-s8.md,False
251196750-s10,"""Do you follow me?"": A Survey of Recent Approaches in Dialogue State Tracking",2022-07-29,Prompting Generative Models to Address Unseen Domains,How is the text-to-text paradigm being utilized in Dialogue State Tracking (DST)?,https://github.com/realliyifei/capri-explore/tree/main/qa_pairs_v19/markdown_files/251196750-s10.md,False
251196750-s14,"""Do you follow me?"": A Survey of Recent Approaches in Dialogue State Tracking",2022-07-29,Robustness,How are recent approaches tackling the performance drop in Dialogue State Tracking (DST) models caused by input variations?,https://github.com/realliyifei/capri-explore/tree/main/qa_pairs_v19/markdown_files/251196750-s14.md,False
53593090-s3,A Review of Standard Text Classification Practices for Multi-label Toxicity Identification of Online Content,2018,Neural Network Classification Models,How do bidirectional recurrent neural networks and attention layers enhance sentence representation in neural network models?,https://github.com/realliyifei/capri-explore/tree/main/qa_pairs_v19/markdown_files/53593090-s3.md,False
252624550-s3,IMTVault: Extracting and Enriching Low-resource Language Interlinear Glossed Text from Grammatical Descriptions and Typological Survey Articles,2022,Data Modelling,What are the challenges and solutions in using XML for extracting interlinear glossed text data?,https://github.com/realliyifei/capri-explore/tree/main/qa_pairs_v19/markdown_files/252624550-s3.md,False
251719280-s3,Recent Advances in Text-to-SQL: A Survey of What We Have and What We Expect,2022-08-22,Single-Domain Datasets,Why do single-domain text-to-SQL datasets remain valuable despite their inherent limitations?,https://github.com/realliyifei/capri-explore/tree/main/qa_pairs_v19/markdown_files/251719280-s3.md,False
251719280-s7,Recent Advances in Text-to-SQL: A Survey of What We Have and What We Expect,2022-08-22,Graph-based Methods,How do graph-based methods improve the representation and encoding of database schema structures in text-to-SQL tasks?,https://github.com/realliyifei/capri-explore/tree/main/qa_pairs_v19/markdown_files/251719280-s7.md,False
251719280-s8,Recent Advances in Text-to-SQL: A Survey of What We Have and What We Expect,2022-08-22,Decoding,How do different decoding methods enhance SQL generation in text-to-SQL tasks?,https://github.com/realliyifei/capri-explore/tree/main/qa_pairs_v19/markdown_files/251719280-s8.md,False
251719280-s9,Recent Advances in Text-to-SQL: A Survey of What We Have and What We Expect,2022-08-22,Learning Techniques,What are some techniques used to handle context-dependency in text-to-SQL tasks?,https://github.com/realliyifei/capri-explore/tree/main/qa_pairs_v19/markdown_files/251719280-s9.md,False
252571112-s3,SHAP-Based Explanation Methods: A Review for NLP Interpretability,2022,Shapley Values Approximation and SHAP,"What are the available methods and algorithms for efficiently approximating SHAP values, and how do they differ from each other?",https://github.com/realliyifei/capri-explore/tree/main/qa_pairs_v19/markdown_files/252571112-s3.md,False
252571112-s16,SHAP-Based Explanation Methods: A Review for NLP Interpretability,2022,Criticisms,What are the main criticisms of using Shapley values for feature importance in model explanations?,https://github.com/realliyifei/capri-explore/tree/main/qa_pairs_v19/markdown_files/252571112-s16.md,False
9840922-s10,Word Meaning Inducing via Character Ontology: A Survey on the Semantic Prediction of Chinese Two-Character Words,2005,"Circumventing ""Head-oriented"" Presupposition",How is the weight value for characters in Chinese two-character words determined and calculated?,https://github.com/realliyifei/capri-explore/tree/main/qa_pairs_v19/markdown_files/9840922-s10.md,False
229376920-s14,Deep Learning for Text Style Transfer: A Survey under a Creative Commons Attribution-NonCommercial-NoDerivatives 4.0 International (CC BY-NC-ND 4.0) license Computational Linguistics,2020-11-01,Automatic Evaluation,"How is BLEU utilized in the evaluation of Text Style Transfer (TST), and what are its limitations?",https://github.com/realliyifei/capri-explore/tree/main/qa_pairs_v19/markdown_files/229376920-s14.md,False
229376920-s21,Deep Learning for Text Style Transfer: A Survey under a Creative Commons Attribution-NonCommercial-NoDerivatives 4.0 International (CC BY-NC-ND 4.0) license Computational Linguistics,2020-11-01,3.,How do false positives and false negatives affect the evaluation of text style transfer models?,https://github.com/realliyifei/capri-explore/tree/main/qa_pairs_v19/markdown_files/229376920-s21.md,False
229376920-s41,Deep Learning for Text Style Transfer: A Survey under a Creative Commons Attribution-NonCommercial-NoDerivatives 4.0 International (CC BY-NC-ND 4.0) license Computational Linguistics,2020-11-01,Method Strengths & Weaknesses,What are the challenges and limitations associated with prototype editing methods in text style transfer?,https://github.com/realliyifei/capri-explore/tree/main/qa_pairs_v19/markdown_files/229376920-s41.md,False
229376920-s44,Deep Learning for Text Style Transfer: A Survey under a Creative Commons Attribution-NonCommercial-NoDerivatives 4.0 International (CC BY-NC-ND 4.0) license Computational Linguistics,2020-11-01,Improving Evaluation Metrics,In what ways can linguistic rules improve the assessment of Text Style Transfer (TST) models?,https://github.com/realliyifei/capri-explore/tree/main/qa_pairs_v19/markdown_files/229376920-s44.md,False
237371890-s6,Survey of Low-Resource Machine Translation,2021-09-01,Test Sets,How does the FLORES-101 benchmark improve upon previous test sets for low-resource languages?,https://github.com/realliyifei/capri-explore/tree/main/qa_pairs_v19/markdown_files/237371890-s6.md,False
237371890-s8,Survey of Low-Resource Machine Translation,2021-09-01,Integration of external language models,How have external language models been integrated into neural machine translation (NMT) models to enhance performance in low-resource settings?,https://github.com/realliyifei/capri-explore/tree/main/qa_pairs_v19/markdown_files/237371890-s8.md,False
237371890-s10,Survey of Low-Resource Machine Translation,2021-09-01,Self-learning: backtranslation and its variants.,How has backtranslation been adapted and improved for low-resource neural machine translation?,https://github.com/realliyifei/capri-explore/tree/main/qa_pairs_v19/markdown_files/237371890-s10.md,False
237371890-s11,Survey of Low-Resource Machine Translation,2021-09-01,Unsupervised MT.,In what ways have language models been employed to create synthetic parallel data for enhancing low-resource machine translation?,https://github.com/realliyifei/capri-explore/tree/main/qa_pairs_v19/markdown_files/237371890-s11.md,False
237371890-s14,Survey of Low-Resource Machine Translation,2021-09-01,Transfer Learning,How have recent studies explored the choice of parent language in transfer learning for neural machine translation (NMT)?,https://github.com/realliyifei/capri-explore/tree/main/qa_pairs_v19/markdown_files/237371890-s14.md,False
237371890-s15,Survey of Low-Resource Machine Translation,2021-09-01,Multilingual Models,What is the impact of parameter sharing on the performance and complexity of multilingual machine translation models?,https://github.com/realliyifei/capri-explore/tree/main/qa_pairs_v19/markdown_files/237371890-s15.md,False
237371890-s21,Survey of Low-Resource Machine Translation,2021-09-01,Morphological segmentation.,"How have morphological analyzers been used in subword segmentation for low-resource languages, and what have been the results?",https://github.com/realliyifei/capri-explore/tree/main/qa_pairs_v19/markdown_files/237371890-s21.md,False
237371890-s22,Survey of Low-Resource Machine Translation,2021-09-01,Factored models. Factored source and target representations,"How do factored models enhance translation quality in neural machine translation (NMT), and what factors affect their effectiveness?",https://github.com/realliyifei/capri-explore/tree/main/qa_pairs_v19/markdown_files/237371890-s22.md,False
237371890-s26,Survey of Low-Resource Machine Translation,2021-09-01,Bilingual lexicons,In what ways have bilingual lexicons been used to improve neural machine translation models?,https://github.com/realliyifei/capri-explore/tree/main/qa_pairs_v19/markdown_files/237371890-s26.md,False
237371890-s32,Survey of Low-Resource Machine Translation,2021-09-01,Rule-based approaches,"How do modern rule-based machine translation systems, like Apertium, manage translations between languages that are closely related?",https://github.com/realliyifei/capri-explore/tree/main/qa_pairs_v19/markdown_files/237371890-s32.md,False
237371890-s33,Survey of Low-Resource Machine Translation,2021-09-01,Evaluation,"What are the two main types of automatic metrics used in machine translation (MT) research, and how do they differ?",https://github.com/realliyifei/capri-explore/tree/main/qa_pairs_v19/markdown_files/237371890-s33.md,False
237371890-s37,Survey of Low-Resource Machine Translation,2021-09-01,Data preparation.,What are the methods and benefits of implementing domain tagging in low-resource machine translation tasks?,https://github.com/realliyifei/capri-explore/tree/main/qa_pairs_v19/markdown_files/237371890-s37.md,False
237371890-s38,Survey of Low-Resource Machine Translation,2021-09-01,Data pre-processing.,How are transliteration and alphabet mapping utilized in machine translation for languages with different scripts?,https://github.com/realliyifei/capri-explore/tree/main/qa_pairs_v19/markdown_files/237371890-s38.md,False
237371890-s41,Survey of Low-Resource Machine Translation,2021-09-01,Using additional data.,How do low-resource machine translation systems leverage synthetic data from related languages?,https://github.com/realliyifei/capri-explore/tree/main/qa_pairs_v19/markdown_files/237371890-s41.md,False
21715311-s1,A Survey on Automatically-Constructed WordNets and their Evaluation: Lexical and Word Embedding-based Approaches,2018-05-01,Background -WordNet Construction,"Why is the expansion approach often preferred for constructing WordNets, and how does it facilitate automatic synset construction?",https://github.com/realliyifei/capri-explore/tree/main/qa_pairs_v19/markdown_files/21715311-s1.md,False
21715311-s4,A Survey on Automatically-Constructed WordNets and their Evaluation: Lexical and Word Embedding-based Approaches,2018-05-01,Bilingual Dictionaries,How do threshold values influence precision and recall in evaluating automatically-constructed Persian WordNets?,https://github.com/realliyifei/capri-explore/tree/main/qa_pairs_v19/markdown_files/21715311-s4.md,False
21715311-s9,A Survey on Automatically-Constructed WordNets and their Evaluation: Lexical and Word Embedding-based Approaches,2018-05-01,Issues for Evaluating Automatically-Constructed WordNets,What are the challenges and methods involved in the manual evaluation of synsets in automatically-constructed WordNets?,https://github.com/realliyifei/capri-explore/tree/main/qa_pairs_v19/markdown_files/21715311-s9.md,False
258378266-s5,Neural Ranking with Weak Supervision for Open-Domain Question Answering : A Survey,2023,Choices of Filter,How do filtering methods enhance the quality of questions generated by neural ranking models in open-domain question answering systems?,https://github.com/realliyifei/capri-explore/tree/main/qa_pairs_v19/markdown_files/258378266-s5.md,False
258378266-s10,Neural Ranking with Weak Supervision for Open-Domain Question Answering : A Survey,2023,Answer as a Document,What are the challenges of using QA pairs as positive samples in neural ranking models?,https://github.com/realliyifei/capri-explore/tree/main/qa_pairs_v19/markdown_files/258378266-s10.md,False
258378266-s12,Neural Ranking with Weak Supervision for Open-Domain Question Answering : A Survey,2023,Latent-Variable Model,What are the primary limitations of employing the top-k approximation in neural ranking models?,https://github.com/realliyifei/capri-explore/tree/main/qa_pairs_v19/markdown_files/258378266-s12.md,False
258378191-s8,A Survey on Recent Advances in Keyphrase Extraction from Pre-trained Language Models,2023,Two-Stage Supervised Keyphrase Extraction Models,"How do recent supervised models approach keyphrase extraction, and what techniques do they employ?",https://github.com/realliyifei/capri-explore/tree/main/qa_pairs_v19/markdown_files/258378191-s8.md,False
258378191-s9,A Survey on Recent Advances in Keyphrase Extraction from Pre-trained Language Models,2023,One-Stage Supervised Keyphrase Extraction Models,How do recent one-stage supervised models enhance keyphrase extraction compared to traditional two-stage approaches?,https://github.com/realliyifei/capri-explore/tree/main/qa_pairs_v19/markdown_files/258378191-s9.md,False
246863418-s1,A Survey on Dynamic Neural Networks for Natural Language Processing,2022-02-15,Skimming,How do skipping and early stopping techniques enhance the efficiency of dynamic neural networks in natural language processing?,https://github.com/realliyifei/capri-explore/tree/main/qa_pairs_v19/markdown_files/246863418-s1.md,False
246863418-s7,A Survey on Dynamic Neural Networks for Natural Language Processing,2022-02-15,Confidence-based Early Exit,How are confidence-based early exit strategies implemented in BERT inference models?,https://github.com/realliyifei/capri-explore/tree/main/qa_pairs_v19/markdown_files/246863418-s7.md,False
246863418-s9,A Survey on Dynamic Neural Networks for Natural Language Processing,2022-02-15,Internal classifier training Exit criterion,How does the voting mechanism improve the performance of ensemble-based early exit in dynamic neural networks?,https://github.com/realliyifei/capri-explore/tree/main/qa_pairs_v19/markdown_files/246863418-s9.md,False
254877753-s3,Towards Reasoning in Large Language Models: A Survey,2022-12-20,Fully Supervised Finetuning,What are the methods and challenges associated with enhancing reasoning capabilities in small language models through fully supervised finetuning?,https://github.com/realliyifei/capri-explore/tree/main/qa_pairs_v19/markdown_files/254877753-s3.md,False
254854317-s13,The Decades Progress on Code-Switching Research in NLP: A Systematic Survey on Trends and Challenges,2022-12-19,The Era of Statistical Methods,What statistical methods are commonly employed for text classification and sequence labeling in code-switching research?,https://github.com/realliyifei/capri-explore/tree/main/qa_pairs_v19/markdown_files/254854317-s13.md,False
264426545-s3,Automatic Pronunciation Assessment -A Review,2023-10-21,Prosodic Errors,"How are prosodic errors categorized in pronunciation assessment, and what factors influence their categorization?",https://github.com/realliyifei/capri-explore/tree/main/qa_pairs_v19/markdown_files/264426545-s3.md,False
264426545-s7,Automatic Pronunciation Assessment -A Review,2023-10-21,Classification based on Acoustic Phonetics,How do classifier-based approaches use segmental and prosodic features in pronunciation assessment?,https://github.com/realliyifei/capri-explore/tree/main/qa_pairs_v19/markdown_files/264426545-s7.md,False
264426545-s12,Automatic Pronunciation Assessment -A Review,2023-10-21,Self-Supervised Models,How do self-supervised models contribute to predicting fluency and prosodic scores in automatic pronunciation assessment?,https://github.com/realliyifei/capri-explore/tree/main/qa_pairs_v19/markdown_files/264426545-s12.md,False
264426545-s13,Automatic Pronunciation Assessment -A Review,2023-10-21,Unsupervised Approaches,How have recent unsupervised methods improved the detection of mispronunciation errors in speech assessment?,https://github.com/realliyifei/capri-explore/tree/main/qa_pairs_v19/markdown_files/264426545-s13.md,False
264426545-s14,Automatic Pronunciation Assessment -A Review,2023-10-21,Data Augmentation,What data augmentation strategies are used to overcome challenges in automatic pronunciation assessment?,https://github.com/realliyifei/capri-explore/tree/main/qa_pairs_v19/markdown_files/264426545-s14.md,False
264426545-s20,Automatic Pronunciation Assessment -A Review,2023-10-21,A,What are the features and components of the SELL-CORPUS designed for L2 English learners in China?,https://github.com/realliyifei/capri-explore/tree/main/qa_pairs_v19/markdown_files/264426545-s20.md,False
264451714-s4,Give Me the Facts! A Survey on Factual Knowledge Probing in Pre-trained Language Models,2023-10-25,Optimized Inputs,How do direct optimization methods improve the effectiveness of prompts when probing pre-trained language models?,https://github.com/realliyifei/capri-explore/tree/main/qa_pairs_v19/markdown_files/264451714-s4.md,False
264451714-s7,Give Me the Facts! A Survey on Factual Knowledge Probing in Pre-trained Language Models,2023-10-25,Adapted PLMs,How can pre-trained language models be adapted for evaluation tasks that lack corresponding pre-training objectives?,https://github.com/realliyifei/capri-explore/tree/main/qa_pairs_v19/markdown_files/264451714-s7.md,False
264451714-s8,Give Me the Facts! A Survey on Factual Knowledge Probing in Pre-trained Language Models,2023-10-25,Outputs,What strategies are used to address the challenges of handling multi-token entities in pre-trained language models?,https://github.com/realliyifei/capri-explore/tree/main/qa_pairs_v19/markdown_files/264451714-s8.md,False
264451714-s12,Give Me the Facts! A Survey on Factual Knowledge Probing in Pre-trained Language Models,2023-10-25,Should Prompts be Optimized?,What should be considered when assessing the effectiveness of optimized prompts in probing tasks?,https://github.com/realliyifei/capri-explore/tree/main/qa_pairs_v19/markdown_files/264451714-s12.md,False
249204437-s1,How well do real-time machine translation apps perform in practice? Insights from a literature review,2022,MT quality assessment,Why are traditional machine translation (MT) quality metrics often considered inadequate for evaluating real-time MT in synchronous dialogues?,https://github.com/realliyifei/capri-explore/tree/main/qa_pairs_v19/markdown_files/249204437-s1.md,False
256461385-s2,Narrative Why-Question Answering: A Review of Challenges and Datasets,2022,Causality,How is causation categorized in text based on causal signals and keywords?,https://github.com/realliyifei/capri-explore/tree/main/qa_pairs_v19/markdown_files/256461385-s2.md,False
256461385-s11,Narrative Why-Question Answering: A Review of Challenges and Datasets,2022,Evaluation measures,How is the performance of free-form QA models assessed in narrative contexts using both automatic and human evaluation methods?,https://github.com/realliyifei/capri-explore/tree/main/qa_pairs_v19/markdown_files/256461385-s11.md,False
32461868-s2,"A Survey on Intelligent Poetry Generation: Languages, Features, Techniques, Reutilisation and Evaluation",2017-09-01,Form features,How do English poetry generation systems typically handle metre and rhyme?,https://github.com/realliyifei/capri-explore/tree/main/qa_pairs_v19/markdown_files/32461868-s2.md,False
2395785-s4,To what extent is Immediate Constituency Analysis dependency-based? A survey of foundational texts,2017-09-13,Connection-basedness.,How do dependency trees and phrase structure trees (PSTs) represent syntagmatic relations and connections differently?,https://github.com/realliyifei/capri-explore/tree/main/qa_pairs_v19/markdown_files/2395785-s4.md,False
12719479-s2,Survey Article Inter-Coder Agreement for Computational Linguistics,2008-12-01,"Agreement, Reliability, and Validity",Why is reliability important for validating a coding scheme in computational linguistics?,https://github.com/realliyifei/capri-explore/tree/main/qa_pairs_v19/markdown_files/12719479-s2.md,False
12719479-s5,Survey Article Inter-Coder Agreement for Computational Linguistics,2008-12-01,Agreement Without Chance Correction,Why is observed agreement not sufficient for comparing inter-coder agreement across different studies?,https://github.com/realliyifei/capri-explore/tree/main/qa_pairs_v19/markdown_files/12719479-s5.md,False
12719479-s6,Survey Article Inter-Coder Agreement for Computational Linguistics,2008-12-01,Chance-Corrected Coefficients for Measuring Agreement between Two Coders,How do chance-corrected coefficients assess the level of agreement between two coders beyond what would be expected by chance?,https://github.com/realliyifei/capri-explore/tree/main/qa_pairs_v19/markdown_files/12719479-s6.md,False
12719479-s11,Survey Article Inter-Coder Agreement for Computational Linguistics,2008-12-01,All Categories Are Equally,What are the issues and limitations of using the coefficient S for measuring inter-coder agreement?,https://github.com/realliyifei/capri-explore/tree/main/qa_pairs_v19/markdown_files/12719479-s11.md,False
12719479-s14,Survey Article Inter-Coder Agreement for Computational Linguistics,2008-12-01,More Than Two Coders,How do you calculate the expected agreement for multiple coders using pairwise comparisons?,https://github.com/realliyifei/capri-explore/tree/main/qa_pairs_v19/markdown_files/12719479-s14.md,False
12719479-s16,Survey Article Inter-Coder Agreement for Computational Linguistics,2008-12-01,Krippendorff's α and Other Weighted Agreement Coefficients,How does Krippendorff's α handle different types of disagreements in computational linguistics?,https://github.com/realliyifei/capri-explore/tree/main/qa_pairs_v19/markdown_files/12719479-s16.md,False
12719479-s23,Survey Article Inter-Coder Agreement for Computational Linguistics,2008-12-01,Annotator Bias,How does annotator bias affect the interpretation of agreement coefficients like π and κ in computational linguistics?,https://github.com/realliyifei/capri-explore/tree/main/qa_pairs_v19/markdown_files/12719479-s23.md,False
12719479-s28,Survey Article Inter-Coder Agreement for Computational Linguistics,2008-12-01,Establishing Significance.,How is the significance of agreement coefficients established beyond testing against chance agreement?,https://github.com/realliyifei/capri-explore/tree/main/qa_pairs_v19/markdown_files/12719479-s28.md,False
12719479-s29,Survey Article Inter-Coder Agreement for Computational Linguistics,2008-12-01,Interpreting the Value of Kappa-Like Coefficients.,How do the conventions for interpreting kappa-like coefficients differ between medical research and computational linguistics?,https://github.com/realliyifei/capri-explore/tree/main/qa_pairs_v19/markdown_files/12719479-s29.md,False
12719479-s31,Survey Article Inter-Coder Agreement for Computational Linguistics,2008-12-01,Labeling Units with a Common and Predefined Set of Categories: The Case of Dialogue Act Tagging,How do annotation schemes like DAMSL tackle the challenges of multi-tag issues in dialogue act tagging?,https://github.com/realliyifei/capri-explore/tree/main/qa_pairs_v19/markdown_files/12719479-s31.md,False
12719479-s39,Survey Article Inter-Coder Agreement for Computational Linguistics,2008-12-01,Word Senses,"What are the proposed solutions to improve intercoder agreement in word sense tagging, and how effective are they?",https://github.com/realliyifei/capri-explore/tree/main/qa_pairs_v19/markdown_files/12719479-s39.md,False
12719479-s41,Survey Article Inter-Coder Agreement for Computational Linguistics,2008-12-01,Methodology,"How can high reliability be achieved in annotation practices, and what are the potential drawbacks?",https://github.com/realliyifei/capri-explore/tree/main/qa_pairs_v19/markdown_files/12719479-s41.md,False
12719479-s43,Survey Article Inter-Coder Agreement for Computational Linguistics,2008-12-01,Interpreting the Values,What detailed information should researchers provide when reporting reliability data in computational linguistics studies?,https://github.com/realliyifei/capri-explore/tree/main/qa_pairs_v19/markdown_files/12719479-s43.md,False
8132278-s1,A Survey of Idiomatic Preposition-Noun-Verb Triples on Token Level,2010-05-01,Background,"How can idiomatic and literal uses of multiword expressions (MWEs) be automatically distinguished, and what are some methods used for English?",https://github.com/realliyifei/capri-explore/tree/main/qa_pairs_v19/markdown_files/8132278-s1.md,False
216552915-s4,When do Word Embeddings Accurately Reflect Surveys on our Beliefs About People?,2020-04-25,Dimension Selection,What are the key steps and considerations when using word embeddings to analyze beliefs about social dimensions?,https://github.com/realliyifei/capri-explore/tree/main/qa_pairs_v19/markdown_files/216552915-s4.md,False
218487374-s5,Text and Causal Inference: A Review of Using Text to Remove Confounding from Causal Estimates,2020-05-01,Measuring confounders via text,"What are the common methods for text representation in NLP, and how do they differ in processing textual information?",https://github.com/realliyifei/capri-explore/tree/main/qa_pairs_v19/markdown_files/218487374-s5.md,False
218971825-s10,"Language (Technology) is Power: A Critical Survey of ""Bias"" in NLP",2020-05-28,Case study,What strategies do the authors propose to overcome the limitations of current NLP systems in handling African-American English (AAE)?,https://github.com/realliyifei/capri-explore/tree/main/qa_pairs_v19/markdown_files/218971825-s10.md,False
253447259-s1,Grammatical Error Correction: A Survey of the State of the Art,2022-11-09,The Task,"How are errors classified and corrected in grammatical error correction, and what challenges arise with annotation schemes?",https://github.com/realliyifei/capri-explore/tree/main/qa_pairs_v19/markdown_files/253447259-s1.md,False
253447259-s4,Grammatical Error Correction: A Survey of the State of the Art,2022-11-09,Annotation Challenges,What challenges and transformations are involved in preprocessing human annotations for Grammatical Error Correction (GEC) systems?,https://github.com/realliyifei/capri-explore/tree/main/qa_pairs_v19/markdown_files/253447259-s4.md,False
253447259-s7,Grammatical Error Correction: A Survey of the State of the Art,2022-11-09,FCE.,How is the W&I+LOCNESS corpus used to annotate and evaluate grammatical errors in essays?,https://github.com/realliyifei/capri-explore/tree/main/qa_pairs_v19/markdown_files/253447259-s7.md,False
253447259-s15,Grammatical Error Correction: A Survey of the State of the Art,2022-11-09,Statistical Machine Translation,"What are the limitations of SMT-based approaches in grammatical error correction, and how do these limitations affect their performance?",https://github.com/realliyifei/capri-explore/tree/main/qa_pairs_v19/markdown_files/253447259-s15.md,False
253447259-s16,Grammatical Error Correction: A Survey of the State of the Art,2022-11-09,Neural Machine Translation,How does the encoder-decoder framework operate in neural machine translation for correcting grammatical errors?,https://github.com/realliyifei/capri-explore/tree/main/qa_pairs_v19/markdown_files/253447259-s16.md,False
253447259-s17,Grammatical Error Correction: A Survey of the State of the Art,2022-11-09,Recurrent Neural Networks,How have Recurrent Neural Networks (RNNs) been adapted to enhance performance in Grammatical Error Correction (GEC) tasks?,https://github.com/realliyifei/capri-explore/tree/main/qa_pairs_v19/markdown_files/253447259-s17.md,False
253447259-s20,Grammatical Error Correction: A Survey of the State of the Art,2022-11-09,Edit-based approaches,What are the advantages and limitations of the edit generation approach in Grammatical Error Correction (GEC)?,https://github.com/realliyifei/capri-explore/tree/main/qa_pairs_v19/markdown_files/253447259-s20.md,False
253447259-s22,Grammatical Error Correction: A Survey of the State of the Art,2022-11-09,Language models as Discriminators,"What is the break-it-fix-it (BIFI) approach in grammatical error correction, and how does it work?",https://github.com/realliyifei/capri-explore/tree/main/qa_pairs_v19/markdown_files/253447259-s22.md,False
253447259-s25,Grammatical Error Correction: A Survey of the State of the Art,2022-11-09,Re-ranking,How does re-ranking enhance grammatical error correction by leveraging additional features and candidate selection methods?,https://github.com/realliyifei/capri-explore/tree/main/qa_pairs_v19/markdown_files/253447259-s25.md,False
253447259-s27,Grammatical Error Correction: A Survey of the State of the Art,2022-11-09,Multi-task learning,In what ways has multi-task learning been utilized to improve grammatical error correction in learner writing?,https://github.com/realliyifei/capri-explore/tree/main/qa_pairs_v19/markdown_files/253447259-s27.md,False
253447259-s31,Grammatical Error Correction: A Survey of the State of the Art,2022-11-09,Data Augmentation,What impact has data augmentation had on the development and performance of Grammatical Error Correction (GEC) systems?,https://github.com/realliyifei/capri-explore/tree/main/qa_pairs_v19/markdown_files/253447259-s31.md,False
253447259-s33,Grammatical Error Correction: A Survey of the State of the Art,2022-11-09,Noise Injection,"How are error patterns utilized in generating synthetic data for grammatical error correction, and what makes them effective?",https://github.com/realliyifei/capri-explore/tree/main/qa_pairs_v19/markdown_files/253447259-s33.md,False
253447259-s34,Grammatical Error Correction: A Survey of the State of the Art,2022-11-09,Back-translation,How has back-translation been adapted and evaluated for grammatical error correction tasks?,https://github.com/realliyifei/capri-explore/tree/main/qa_pairs_v19/markdown_files/253447259-s34.md,False
253447259-s36,Grammatical Error Correction: A Survey of the State of the Art,2022-11-09,Augmenting Official Datasets,How do various methods improve model performance in grammatical error correction by augmenting official datasets?,https://github.com/realliyifei/capri-explore/tree/main/qa_pairs_v19/markdown_files/253447259-s36.md,False
253447259-s43,Grammatical Error Correction: A Survey of the State of the Art,2022-11-09,Reference-based Metrics,How do reference-based metrics improve upon traditional methods for evaluating grammatical error correction?,https://github.com/realliyifei/capri-explore/tree/main/qa_pairs_v19/markdown_files/253447259-s43.md,False
221970053-s4,A Brief Survey and Comparative Study of Recent Development of Pronoun Coreference Resolution in English,2020-09-27,Rule and Feature Based Methods,How were advanced machine learning models utilized for coreference resolution tasks prior to the advent of deep learning?,https://github.com/realliyifei/capri-explore/tree/main/qa_pairs_v19/markdown_files/221970053-s4.md,False
221970053-s6,A Brief Survey and Comparative Study of Recent Development of Pronoun Coreference Resolution in English,2020-09-27,Further Improvements,What recent advancements have been made to overcome the limitations of the end-to-end model in pronoun coreference resolution?,https://github.com/realliyifei/capri-explore/tree/main/qa_pairs_v19/markdown_files/221970053-s6.md,False
221970053-s17,A Brief Survey and Comparative Study of Recent Development of Pronoun Coreference Resolution in English,2020-09-27,Language Representation Models,"What are the two approaches for predicting probability in language model-based methods, and which approach yields better performance?",https://github.com/realliyifei/capri-explore/tree/main/qa_pairs_v19/markdown_files/221970053-s17.md,False
221970053-s21,A Brief Survey and Comparative Study of Recent Development of Pronoun Coreference Resolution in English,2020-09-27,Other PCR Tasks,How is the WinoGender dataset used to assess gender bias in pre-trained language models?,https://github.com/realliyifei/capri-explore/tree/main/qa_pairs_v19/markdown_files/221970053-s21.md,False
237941087-s1,Coreference Resolution for the Biomedical Domain: A Survey,2021-09-25,Background,How do general coreference resolution models perform on biomedical datasets compared to general domain datasets?,https://github.com/realliyifei/capri-explore/tree/main/qa_pairs_v19/markdown_files/237941087-s1.md,False
237941087-s8,Coreference Resolution for the Biomedical Domain: A Survey,2021-09-25,Machine learning-based models,How have hybrid approaches enhanced the performance of biomedical coreference resolution tasks?,https://github.com/realliyifei/capri-explore/tree/main/qa_pairs_v19/markdown_files/237941087-s8.md,False
237941087-s9,Coreference Resolution for the Biomedical Domain: A Survey,2021-09-25,Deep learning-based models,"How have advancements in deep learning models improved biomedical coreference resolution, and what are the outcomes of these enhancements?",https://github.com/realliyifei/capri-explore/tree/main/qa_pairs_v19/markdown_files/237941087-s9.md,False
237941087-s16,Coreference Resolution for the Biomedical Domain: A Survey,2021-09-25,Experimental setup,How are coreference resolution models evaluated in the biomedical domain?,https://github.com/realliyifei/capri-explore/tree/main/qa_pairs_v19/markdown_files/237941087-s16.md,False
11591301-s3,A Survey on the Role of Negation in Sentiment Analysis,2010-07-10,Negation and Bag of Words in Supervised Machine Learning,How is negation typically handled in a bag-of-words model for sentiment analysis?,https://github.com/realliyifei/capri-explore/tree/main/qa_pairs_v19/markdown_files/11591301-s3.md,False
11591301-s6,A Survey on the Role of Negation in Sentiment Analysis,2010-07-10,Features for Negation Modeling,How do polarity modification features account for language constructions that resemble negation in sentiment analysis?,https://github.com/realliyifei/capri-explore/tree/main/qa_pairs_v19/markdown_files/11591301-s6.md,False
10690796-s5,A Survey of Ellipsis in Chinese,2015-08-01,Null complement anaphora,What makes it difficult to identify null complement anaphora in Mandarin compared to English?,https://github.com/realliyifei/capri-explore/tree/main/qa_pairs_v19/markdown_files/10690796-s5.md,False
260899983-s17,Through the Lens of Core Competency: Survey on Evaluation of Large Language Models,2023-08-15,Harmfulness,How do datasets like RealToxicityPrompts and BAD help in understanding and evaluating harmful content in large language models (LLMs)?,https://github.com/realliyifei/capri-explore/tree/main/qa_pairs_v19/markdown_files/260899983-s17.md,False
260899983-s18,Through the Lens of Core Competency: Survey on Evaluation of Large Language Models,2023-08-15,Unfairness and Social Bias,How is social bias assessed in large language models using datasets like CrowS-Pairs and StereoSet?,https://github.com/realliyifei/capri-explore/tree/main/qa_pairs_v19/markdown_files/260899983-s18.md,False
260899983-s23,Through the Lens of Core Competency: Survey on Evaluation of Large Language Models,2023-08-15,Sentiment Generation,What are the methods used to assess the quality of text generated with sentiment in NLP tasks?,https://github.com/realliyifei/capri-explore/tree/main/qa_pairs_v19/markdown_files/260899983-s23.md,False
260899983-s24,Through the Lens of Core Competency: Survey on Evaluation of Large Language Models,2023-08-15,Planning,How is the planning ability of large language models evaluated using automated methods?,https://github.com/realliyifei/capri-explore/tree/main/qa_pairs_v19/markdown_files/260899983-s24.md,False
2044324-s2,A Survey of Current Datasets for Vision and Language Research,2015-06-23,Language Quality,What are the key criteria for assessing the language quality in vision and language datasets?,https://github.com/realliyifei/capri-explore/tree/main/qa_pairs_v19/markdown_files/2044324-s2.md,False
2044324-s7,A Survey of Current Datasets for Vision and Language Research,2015-06-23,Crowd-sourced Captions,"What makes the Microsoft COCO Dataset important for research in vision and language, and what are its key features?",https://github.com/realliyifei/capri-explore/tree/main/qa_pairs_v19/markdown_files/2044324-s7.md,False
2044324-s10,A Survey of Current Datasets for Vision and Language Research,2015-06-23,Beyond Visual Description,What are the characteristics and contents of the Visual Question Answering (VQA) Dataset?,https://github.com/realliyifei/capri-explore/tree/main/qa_pairs_v19/markdown_files/2044324-s10.md,False
258740687-s18,A Survey on Zero Pronoun Translation,2023-05-17,Data-Level Methods Do Not Change Model,How are researchers working to improve zero pronoun translation performance without changing the machine translation architecture?,https://github.com/realliyifei/capri-explore/tree/main/qa_pairs_v19/markdown_files/258740687-s18.md,False
258740687-s19,A Survey on Zero Pronoun Translation,2023-05-17,Overview,Why are general-purpose metrics insufficient for evaluating pronoun-aware translation quality in zero pronoun translation?,https://github.com/realliyifei/capri-explore/tree/main/qa_pairs_v19/markdown_files/258740687-s19.md,False
258557362-s4,Large Language Models Meet NL2Code: A Survey,2022-12-19,Large and Premium Data,What data pre-processing strategies are commonly used to ensure high-quality training corpora for large language models (LLMs) in the NL2Code domain?,https://github.com/realliyifei/capri-explore/tree/main/qa_pairs_v19/markdown_files/258557362-s4.md,False
254877175-s10,A Survey of Deep Learning for Mathematical Reasoning,2022-12-20,In-context Learning for Mathematical Reasoning,How does Chain-of-thought prompting (CoT) improve mathematical reasoning in large language models (LLMs)?,https://github.com/realliyifei/capri-explore/tree/main/qa_pairs_v19/markdown_files/254877175-s10.md,False
254877175-s11,A Survey of Deep Learning for Mathematical Reasoning,2022-12-20,In-context Example Selection,What strategies have been explored to enhance the selection of in-context examples for mathematical reasoning tasks?,https://github.com/realliyifei/capri-explore/tree/main/qa_pairs_v19/markdown_files/254877175-s11.md,False
254877175-s14,A Survey of Deep Learning for Mathematical Reasoning,2022-12-20,Analysis of Deep Learning Methods,How do recent studies assess the effectiveness of subword tokenization techniques in handling numeracy within language models?,https://github.com/realliyifei/capri-explore/tree/main/qa_pairs_v19/markdown_files/254877175-s14.md,False
254877175-s15,A Survey of Deep Learning for Mathematical Reasoning,2022-12-20,Problems,"How effective are state-of-the-art deep learning models on the SVAMP dataset, and what does this reveal about their consistency in performance?",https://github.com/realliyifei/capri-explore/tree/main/qa_pairs_v19/markdown_files/254877175-s15.md,False
254877175-s49,A Survey of Deep Learning for Mathematical Reasoning,2022-12-20,In-context Learning for Mathematical Reasoning,How does Chain-of-thought prompting (CoT) improve the mathematical reasoning capabilities of large language models?,https://github.com/realliyifei/capri-explore/tree/main/qa_pairs_v19/markdown_files/254877175-s49.md,False
254877175-s50,A Survey of Deep Learning for Mathematical Reasoning,2022-12-20,In-context Example Selection,What strategies have been explored to enhance the selection of in-context examples for mathematical reasoning tasks?,https://github.com/realliyifei/capri-explore/tree/main/qa_pairs_v19/markdown_files/254877175-s50.md,False
254877175-s53,A Survey of Deep Learning for Mathematical Reasoning,2022-12-20,Analysis of Deep Learning Methods,How do recent studies assess the effectiveness of subword tokenization techniques in handling numeracy within language models?,https://github.com/realliyifei/capri-explore/tree/main/qa_pairs_v19/markdown_files/254877175-s53.md,False
254564474-s6,A Survey on Natural Language Processing for Programming,2022-12-12,Transcription Tasks,"What are the differences between transcription tasks and synthesis tasks in programming, particularly in terms of input and output characteristics?",https://github.com/realliyifei/capri-explore/tree/main/qa_pairs_v19/markdown_files/254564474-s6.md,False
254564474-s18,A Survey on Natural Language Processing for Programming,2022-12-12,Backbone Models,"How do RNN, CNN, and Transformer models differ in processing structure-based representations in NLP for programming?",https://github.com/realliyifei/capri-explore/tree/main/qa_pairs_v19/markdown_files/254564474-s18.md,False
261100760-s2,GPTEval: A Survey on Assessments of ChatGPT and GPT-4,2023-08-24,Reasoning,How effective were ChatGPT and GPT-4 in handling ambiguity in Natural Language Inference tasks?,https://github.com/realliyifei/capri-explore/tree/main/qa_pairs_v19/markdown_files/261100760-s2.md,False
16442276-s1,Content Models for Survey Generation: A Factoid-Based Evaluation,2015,Data,Why are introduction sentences preferred over citing sentences for generating survey articles?,https://github.com/realliyifei/capri-explore/tree/main/qa_pairs_v19/markdown_files/16442276-s1.md,False
225062337-s9,A Survey on Recent Approaches for Natural Language Processing in Low-Resource Scenarios,2020-10-23,Learning with Noisy Labels,"What are the primary strategies for managing noise in distantly supervised NLP tasks, and how do they operate?",https://github.com/realliyifei/capri-explore/tree/main/qa_pairs_v19/markdown_files/225062337-s9.md,False
256231532-s1,Social Influence Dialogue Systems: A Survey of Datasets and Models For Social Influence Tasks,2022-10-11,Social Influence Dialogue Systems,How do social influence dialogue systems differ from task-oriented and open-domain systems in their roles and goals?,https://github.com/realliyifei/capri-explore/tree/main/qa_pairs_v19/markdown_files/256231532-s1.md,False
233219920-s1,Relational World Knowledge Representation in Contextual Language Models: A Review,2021-04-12,Preliminaries,"What distinguishes encyclopedic knowledge bases from commonsense knowledge bases, and could you provide examples of each?",https://github.com/realliyifei/capri-explore/tree/main/qa_pairs_v19/markdown_files/233219920-s1.md,False
233219920-s4,Relational World Knowledge Representation in Contextual Language Models: A Review,2021-04-12,Statement scoring,"How are statement scoring strategies categorized, and what are the key characteristics of each approach?",https://github.com/realliyifei/capri-explore/tree/main/qa_pairs_v19/markdown_files/233219920-s4.md,False
233219920-s8,Relational World Knowledge Representation in Contextual Language Models: A Review,2021-04-12,Linking with late fusion,"How are external entity embeddings integrated into BERT models for entity linking, and what are the strengths and drawbacks of this approach?",https://github.com/realliyifei/capri-explore/tree/main/qa_pairs_v19/markdown_files/233219920-s8.md,False
233219920-s13,Relational World Knowledge Representation in Contextual Language Models: A Review,2021-04-12,Linearizing KB triples,How does linearizing knowledge base triples enhance the training of language models?,https://github.com/realliyifei/capri-explore/tree/main/qa_pairs_v19/markdown_files/233219920-s13.md,False
231709697-s10,English Machine Reading Comprehension Datasets: A Survey,2021-01-25,Evaluation Metrics,"How do evaluation metrics vary for extractive, generative, and cloze machine reading comprehension tasks?",https://github.com/realliyifei/capri-explore/tree/main/qa_pairs_v19/markdown_files/231709697-s10.md,False
222133962-s18,A Survey of Unsupervised Dependency Parsing,2020-10-04,Lexicalization,"What challenges arise when incorporating lexical information into unsupervised dependency parsing, and what are the potential solutions?",https://github.com/realliyifei/capri-explore/tree/main/qa_pairs_v19/markdown_files/222133962-s18.md,False
222133962-s20,A Survey of Unsupervised Dependency Parsing,2020-10-04,Unsupervised Multilingual Parsing,How can models utilize the similarities between different languages to enhance unsupervised multilingual dependency parsing?,https://github.com/realliyifei/capri-explore/tree/main/qa_pairs_v19/markdown_files/222133962-s20.md,False
219177284-s4,Conversational Machine Comprehension: a Literature Review,2020-06-01,CoQA,How is the structure and evaluation of conversations and dialogs organized in the CoQA dataset?,https://github.com/realliyifei/capri-explore/tree/main/qa_pairs_v19/markdown_files/219177284-s4.md,False
219177284-s7,Conversational Machine Comprehension: a Literature Review,2020-06-01,Encoder:,What are the components and functions of a typical Conversational Machine Comprehension (CMC) model?,https://github.com/realliyifei/capri-explore/tree/main/qa_pairs_v19/markdown_files/219177284-s7.md,False
219177284-s15,Conversational Machine Comprehension: a Literature Review,2020-06-01,C. Contextual Integration using Pre-trained Language Models,What are the two main approaches to integrating conversational history in machine comprehension models?,https://github.com/realliyifei/capri-explore/tree/main/qa_pairs_v19/markdown_files/219177284-s15.md,False
219177284-s20,Conversational Machine Comprehension: a Literature Review,2020-06-01,Conversation setting,How is co-referencing utilized in the dialog turns within the CoQA dataset?,https://github.com/realliyifei/capri-explore/tree/main/qa_pairs_v19/markdown_files/219177284-s20.md,False
7384097-s2,A Survey of Word Reordering in Statistical Machine Translation: Computational Models and Language Phenomena,2015-02-17,Phrase-Based SMT,What were the key innovations that allowed phrase-based Statistical Machine Translation (SMT) to outperform early word-based SMT models?,https://github.com/realliyifei/capri-explore/tree/main/qa_pairs_v19/markdown_files/7384097-s2.md,False
7384097-s6,A Survey of Word Reordering in Statistical Machine Translation: Computational Models and Language Phenomena,2015-02-17,n-gram Based SMT,"How is reordering managed in n-gram based Statistical Machine Translation (SMT), and what are the limitations of this approach?",https://github.com/realliyifei/capri-explore/tree/main/qa_pairs_v19/markdown_files/7384097-s6.md,False
7384097-s8,A Survey of Word Reordering in Statistical Machine Translation: Computational Models and Language Phenomena,2015-02-17,Syntax-Based,How do syntax-based Statistical Machine Translation (SMT) approaches utilize tree structures differently?,https://github.com/realliyifei/capri-explore/tree/main/qa_pairs_v19/markdown_files/7384097-s8.md,False
7384097-s20,A Survey of Word Reordering in Statistical Machine Translation: Computational Models and Language Phenomena,2015-02-17,General-Purpose Metrics,"How do BLEU and METEOR metrics evaluate word order, and what are their limitations in this context?",https://github.com/realliyifei/capri-explore/tree/main/qa_pairs_v19/markdown_files/7384097-s20.md,False
7384097-s34,A Survey of Word Reordering in Statistical Machine Translation: Computational Models and Language Phenomena,2015-02-17,English and Turkish,"What are the differences between English and Japanese at the clause and phrase levels, and why do these differences pose challenges for Phrase-Based Statistical Machine Translation (PSMT)?",https://github.com/realliyifei/capri-explore/tree/main/qa_pairs_v19/markdown_files/7384097-s34.md,False
247627890-s19,"Vision-and-Language Navigation: A Survey of Tasks, Methods, and Future Directions",2022-03-22,Data Augmentation,What strategies are employed to improve data quality and diversity in Vision-and-Language Navigation through augmentation techniques?,https://github.com/realliyifei/capri-explore/tree/main/qa_pairs_v19/markdown_files/247627890-s19.md,False
235422524-s2,An Empirical Survey of Data Augmentation for Limited Data Learning in NLP,2021-06-14,Token-Level Augmentation,How do language models overcome the challenges associated with synonym replacement in token-level augmentation?,https://github.com/realliyifei/capri-explore/tree/main/qa_pairs_v19/markdown_files/235422524-s2.md,False
235422524-s3,An Empirical Survey of Data Augmentation for Limited Data Learning in NLP,2021-06-14,Sentence-Level Augmentation,What are the advantages and difficulties associated with using conditional generation methods for sentence-level data augmentation in NLP?,https://github.com/realliyifei/capri-explore/tree/main/qa_pairs_v19/markdown_files/235422524-s3.md,False
235422524-s6,An Empirical Survey of Data Augmentation for Limited Data Learning in NLP,2021-06-14,Consistency Training with DA,How is data augmentation used in consistency training for semi-supervised learning in natural language processing (NLP)?,https://github.com/realliyifei/capri-explore/tree/main/qa_pairs_v19/markdown_files/235422524-s6.md,False
253736389-s10,Transformers for Tabular Data Representation: A Survey of Models and Applications,2023-03-01,Vanilla Transformer,"What is the structure of the vanilla transformer architecture, and what are its key components?",https://github.com/realliyifei/capri-explore/tree/main/qa_pairs_v19/markdown_files/253736389-s10.md,False
251402499-s8,Abstractive Meeting Summarization: A Survey,2022-08-08,Evaluation methods,What are the challenges and limitations of using the ROUGE metric for evaluating abstractive meeting summaries?,https://github.com/realliyifei/capri-explore/tree/main/qa_pairs_v19/markdown_files/251402499-s8.md,False
251402499-s11,Abstractive Meeting Summarization: A Survey,2022-08-08,Discursive information,"How do dialogue acts contribute to improving abstractive meeting summarization, especially in contexts involving decisions?",https://github.com/realliyifei/capri-explore/tree/main/qa_pairs_v19/markdown_files/251402499-s11.md,False
251402499-s19,Abstractive Meeting Summarization: A Survey,2022-08-08,Long input processing,How do hierarchical transformers process long meeting transcripts using different levels of representation?,https://github.com/realliyifei/capri-explore/tree/main/qa_pairs_v19/markdown_files/251402499-s19.md,False
256662721-s2,"Pre-train, Prompt and Recommendation: A Comprehensive Survey of Language Modelling Paradigm Adaptations in Recommender Systems",2023-02-07,Training Strategies of LMRS,"How is the ""pre-train, fine-tune extra part of the model"" strategy utilized in recommendation systems?",https://github.com/realliyifei/capri-explore/tree/main/qa_pairs_v19/markdown_files/256662721-s2.md,False
256662721-s3,"Pre-train, Prompt and Recommendation: A Comprehensive Survey of Language Modelling Paradigm Adaptations in Recommender Systems",2023-02-07,Prompting paradigm for RSs,"What are the advantages of using the ""pre-train, prompt, and inference"" paradigm for downstream recommendation tasks without the need for fine-tuning?",https://github.com/realliyifei/capri-explore/tree/main/qa_pairs_v19/markdown_files/256662721-s3.md,False
256662721-s5,"Pre-train, Prompt and Recommendation: A Comprehensive Survey of Language Modelling Paradigm Adaptations in Recommender Systems",2023-02-07,Language modelling objectives to recommendation,"What is the training objective of Auto-regressive Modelling (AM), and what are its limitations and potential solutions?",https://github.com/realliyifei/capri-explore/tree/main/qa_pairs_v19/markdown_files/256662721-s5.md,False
258426970-s8,Bridging the Gap: A Survey on Integrating (Human) Feedback for Natural Language Generation,2023-05-01,Optimizing for Human Feedback,"What are the primary techniques for optimizing model parameters using human feedback, and how are these techniques categorized?",https://github.com/realliyifei/capri-explore/tree/main/qa_pairs_v19/markdown_files/258426970-s8.md,False
258426970-s18,Bridging the Gap: A Survey on Integrating (Human) Feedback for Natural Language Generation,2023-05-01,Subjectivity and variance in judgment,What strategies can be employed to improve low inter-rater reliability in annotator judgments for natural language generation tasks?,https://github.com/realliyifei/capri-explore/tree/main/qa_pairs_v19/markdown_files/258426970-s18.md,False
132053537-s2,A Short Survey on Sense-Annotated Corpora,2018-02-13,WordNet,"What are the main WordNet sense-annotated corpora, and why are they significant for Word Sense Disambiguation?",https://github.com/realliyifei/capri-explore/tree/main/qa_pairs_v19/markdown_files/132053537-s2.md,False
132053537-s4,A Short Survey on Sense-Annotated Corpora,2018-02-13,BabelNet,"How does EuroSense perform multilingual disambiguation, and what is its precision across various languages?",https://github.com/realliyifei/capri-explore/tree/main/qa_pairs_v19/markdown_files/132053537-s4.md,False
53296658-s3,A Survey on Natural Language Processing for Fake News Detection,2018-11-02,Short Claims,"What are the challenges associated with using the LIAR dataset for fact-checking, and why is it considered difficult?",https://github.com/realliyifei/capri-explore/tree/main/qa_pairs_v19/markdown_files/53296658-s3.md,False
53296658-s13,A Survey on Natural Language Processing for Fake News Detection,2018-11-02,Preprocessing,What additional preprocessing steps are necessary when using entire articles as inputs for fake news detection?,https://github.com/realliyifei/capri-explore/tree/main/qa_pairs_v19/markdown_files/53296658-s13.md,False
14225710-s6,Survey on the Use of Typological Information in Natural Language Processing,2016-10-11,Uses of Typological Information in NLP,How does incorporating typological information enhance the performance of multilingual dependency parsing?,https://github.com/realliyifei/capri-explore/tree/main/qa_pairs_v19/markdown_files/14225710-s6.md,False
245144787-s3,Measure and Improve Robustness in NLP Models: A Survey,2021-12-15,Robustness under Distribution Shift,What distinguishes robustness under distribution shift from domain adaptation and transfer learning in NLP?,https://github.com/realliyifei/capri-explore/tree/main/qa_pairs_v19/markdown_files/245144787-s3.md,False
245144787-s6,Measure and Improve Robustness in NLP Models: A Survey,2021-12-15,Continuous vs. Discrete in Search Space,How do adversarial attacks in computer vision and natural language processing differ in terms of perceptibility and the alteration of sentence meaning?,https://github.com/realliyifei/capri-explore/tree/main/qa_pairs_v19/markdown_files/245144787-s6.md,False
208541377-s2,The use of rating and Likert scales in Natural Language Generation human evaluation tasks: A review and some recommendations Conference or Workshop Item The use of rating and Likert scales in Natural Language Generation human evaluation tasks: A review and some recommendations,2019,Rating and Likert scales,What distinguishes rating scales from Likert scales in survey design?,https://github.com/realliyifei/capri-explore/tree/main/qa_pairs_v19/markdown_files/208541377-s2.md,False
51623319-s14,Anaphora With Non-nominal Antecedents in Computational Linguistics: a Survey under a Creative Commons Attribution-NonCommercial-NoDerivatives 4.0 International (CC BY-NC-ND 4.0) license Computational Linguistics,2018-09-01,Structurally-determined relations,"What are shell nouns, and how do they relate to their shell content? Can you provide examples of these relationships?",https://github.com/realliyifei/capri-explore/tree/main/qa_pairs_v19/markdown_files/51623319-s14.md,False
51623319-s19,Anaphora With Non-nominal Antecedents in Computational Linguistics: a Survey under a Creative Commons Attribution-NonCommercial-NoDerivatives 4.0 International (CC BY-NC-ND 4.0) license Computational Linguistics,2018-09-01,Syntactic Preferences.,"How does the syntactic type of an antecedent affect the decision to use ""it"" or ""that"" in anaphora?",https://github.com/realliyifei/capri-explore/tree/main/qa_pairs_v19/markdown_files/51623319-s19.md,False
51623319-s20,Anaphora With Non-nominal Antecedents in Computational Linguistics: a Survey under a Creative Commons Attribution-NonCommercial-NoDerivatives 4.0 International (CC BY-NC-ND 4.0) license Computational Linguistics,2018-09-01,Discourse-Level Preferences.,"What are the key assumptions of Centering Theory, and how does it model coherence and salience in discourse?",https://github.com/realliyifei/capri-explore/tree/main/qa_pairs_v19/markdown_files/51623319-s20.md,False
51623319-s24,Anaphora With Non-nominal Antecedents in Computational Linguistics: a Survey under a Creative Commons Attribution-NonCommercial-NoDerivatives 4.0 International (CC BY-NC-ND 4.0) license Computational Linguistics,2018-09-01,Challenges Associated with Annotating Non-NA Anaphora,"How do researchers tackle the challenges of annotating non-nominal anaphora, especially in identifying precise antecedents?",https://github.com/realliyifei/capri-explore/tree/main/qa_pairs_v19/markdown_files/51623319-s24.md,False
51623319-s39,Anaphora With Non-nominal Antecedents in Computational Linguistics: a Survey under a Creative Commons Attribution-NonCommercial-NoDerivatives 4.0 International (CC BY-NC-ND 4.0) license Computational Linguistics,2018-09-01,587,"What are the three approaches to annotating non-nominal antecedents, and what challenges do they face?",https://github.com/realliyifei/capri-explore/tree/main/qa_pairs_v19/markdown_files/51623319-s39.md,False
51623319-s42,Anaphora With Non-nominal Antecedents in Computational Linguistics: a Survey under a Creative Commons Attribution-NonCommercial-NoDerivatives 4.0 International (CC BY-NC-ND 4.0) license Computational Linguistics,2018-09-01,Work Corpus data Anaphora,"What challenges do resolution algorithms face when dealing with non-nominal antecedent anaphora, and what considerations must be taken into account?",https://github.com/realliyifei/capri-explore/tree/main/qa_pairs_v19/markdown_files/51623319-s42.md,False
215238860-s6,"More Data, More Relations, More Context and More Openness: A Review and Outlook for Relation Extraction",2020-04-07,Utilizing More Data,What strategies are currently employed to mitigate the noise issue in distant supervision for relation extraction?,https://github.com/realliyifei/capri-explore/tree/main/qa_pairs_v19/markdown_files/215238860-s6.md,False
56657817-s2,Analysis Methods in Neural Language Processing: A Survey,2018-12-21,Methods,"What is the most common method for linking neural network components to linguistic properties, and how is it implemented and evaluated?",https://github.com/realliyifei/capri-explore/tree/main/qa_pairs_v19/markdown_files/56657817-s2.md,False
56657817-s15,Analysis Methods in Neural Language Processing: A Survey,2018-12-21,Adversary's Knowledge,What are some methods for generating adversarial examples in NLP without needing access to model parameters?,https://github.com/realliyifei/capri-explore/tree/main/qa_pairs_v19/markdown_files/56657817-s15.md,False
49564714-s3,Modeling Language Variation and Universals: A Survey on Typological Linguistics for Natural Language Processing,2018-07-02,Language Transfer,"What methods have been developed for language transfer, particularly in the context of dependency parsing?",https://github.com/realliyifei/capri-explore/tree/main/qa_pairs_v19/markdown_files/49564714-s3.md,False
49564714-s4,Modeling Language Variation and Universals: A Survey on Typological Linguistics for Natural Language Processing,2018-07-02,Multilingual Joint Supervised Learning,"How does parameter sharing work in multilingual joint learning, and what are its implications for designing models?",https://github.com/realliyifei/capri-explore/tree/main/qa_pairs_v19/markdown_files/49564714-s4.md,False
49564714-s5,Modeling Language Variation and Universals: A Survey on Typological Linguistics for Natural Language Processing,2018-07-02,Multilingual Representation Learning,How do cross-lingual training approaches tackle the issue of cross-lingual variation in multilingual NLP?,https://github.com/realliyifei/capri-explore/tree/main/qa_pairs_v19/markdown_files/49564714-s5.md,False
49564714-s10,Modeling Language Variation and Universals: A Survey on Typological Linguistics for Natural Language Processing,2018-07-02,Heuristics based on morphosyntactic annotation.,"How can morphosyntactic annotation be effectively projected to resource-lean languages, and what techniques are employed for feature prediction?",https://github.com/realliyifei/capri-explore/tree/main/qa_pairs_v19/markdown_files/49564714-s10.md,False
44130961-s18,"TutorialBank: A Manually-Collected Corpus for Prerequisite Chains, Survey Extraction and Resource Recommendation",2018-05-11,Dataset and Annotation Statistics,"How is inter-annotator agreement assessed in various annotation tasks, and what factors can affect these scores?",https://github.com/realliyifei/capri-explore/tree/main/qa_pairs_v19/markdown_files/44130961-s18.md,False
254854669-s23,Let's Negotiate! A Survey of Negotiation Dialogue Systems,2022-12-18,Supervised Learning,How is supervised learning utilized in negotiation dialogue systems to predict strategies and generate responses?,https://github.com/realliyifei/capri-explore/tree/main/qa_pairs_v19/markdown_files/254854669-s23.md,False
232320269-s8,A Survey on Predicting the Factuality and the Bias of News Media,2021-03-16,Textual Content Representation,How are linguistic features categorized and applied in the NELA toolkit for analyzing news media?,https://github.com/realliyifei/capri-explore/tree/main/qa_pairs_v19/markdown_files/232320269-s8.md,False
264439179-s3,A Survey on Detection of LLMs-Generated Content,2023-10-24,Metrics,"What are the limitations of using AUROC as a metric for evaluating detection algorithms, and what alternative metrics are suggested?",https://github.com/realliyifei/capri-explore/tree/main/qa_pairs_v19/markdown_files/264439179-s3.md,False
264439179-s15,A Survey on Detection of LLMs-Generated Content,2023-10-24,Zero-Shot,What challenges arise when using basic features to identify content generated by large language models in zero-shot scenarios?,https://github.com/realliyifei/capri-explore/tree/main/qa_pairs_v19/markdown_files/264439179-s15.md,False
264439179-s19,A Survey on Detection of LLMs-Generated Content,2023-10-24,Black-Box Watermarking,How have pretrained language models enhanced the efficiency of watermarking techniques?,https://github.com/realliyifei/capri-explore/tree/main/qa_pairs_v19/markdown_files/264439179-s19.md,False
232075945-s2,A Survey on Stance Detection for Mis-and Disinformation Identification,2021-02-27,Source(s) Target,"What is stance detection, and how does it differ from other related NLP tasks?",https://github.com/realliyifei/capri-explore/tree/main/qa_pairs_v19/markdown_files/232075945-s2.md,False
232075945-s5,A Survey on Stance Detection for Mis-and Disinformation Identification,2021-02-27,Stance as a (Mis-/Dis-)information Detection Component,"How is stance detection applied in the context of rumor detection and debunking, and what are its formal definitions and categories?",https://github.com/realliyifei/capri-explore/tree/main/qa_pairs_v19/markdown_files/232075945-s5.md,False
232075945-s6,A Survey on Stance Detection for Mis-and Disinformation Identification,2021-02-27,Multiple languages,How has the use of transfer learning with pre-trained Transformers enhanced stance detection performance in various languages?,https://github.com/realliyifei/capri-explore/tree/main/qa_pairs_v19/markdown_files/232075945-s6.md,False
259833865-s8,A Survey of Evaluation Methods of Generated Medical Textual Reports,2023,Automatic Evaluation,"What are the two most popular types of automatic evaluation metrics in Natural Language Generation (NLG), and how do they differ?",https://github.com/realliyifei/capri-explore/tree/main/qa_pairs_v19/markdown_files/259833865-s8.md,False
259833865-s13,A Survey of Evaluation Methods of Generated Medical Textual Reports,2023,Medical Correctness: Report-based,How is the evaluation of medical concept coverage and negation correctness performed in generated medical reports?,https://github.com/realliyifei/capri-explore/tree/main/qa_pairs_v19/markdown_files/259833865-s13.md,False
259833865-s14,A Survey of Evaluation Methods of Generated Medical Textual Reports,2023,Medical Correctness: Auxiliary or Intermediate Tasks,What methods and metrics are used for classifying utterances in the evaluation of medical texts?,https://github.com/realliyifei/capri-explore/tree/main/qa_pairs_v19/markdown_files/259833865-s14.md,False
259833865-s16,A Survey of Evaluation Methods of Generated Medical Textual Reports,2023,Intrinsic Approaches,"How is medical correctness assessed in the generation of medical reports, and what are the criteria involved?",https://github.com/realliyifei/capri-explore/tree/main/qa_pairs_v19/markdown_files/259833865-s16.md,False
259833865-s17,A Survey of Evaluation Methods of Generated Medical Textual Reports,2023,Extrinsic Approaches,How is extrinsic human evaluation used to assess the quality of generated medical summaries?,https://github.com/realliyifei/capri-explore/tree/main/qa_pairs_v19/markdown_files/259833865-s17.md,False
259833865-s18,A Survey of Evaluation Methods of Generated Medical Textual Reports,2023,Presence of Domain Experts,What is the significance of involving domain experts in the human evaluation of generated medical textual reports?,https://github.com/realliyifei/capri-explore/tree/main/qa_pairs_v19/markdown_files/259833865-s18.md,False
3176028-s16,Discourse-Oriented Anaphora Resolution in Natural Language Understanding: A Review,1981-04-01,Discourse-cohesion approaches to anaphora resolution,How does the discourse-cohesion approach use cohesive ties to aid in coreference resolution?,https://github.com/realliyifei/capri-explore/tree/main/qa_pairs_v19/markdown_files/3176028-s16.md,False
3176028-s17,Discourse-Oriented Anaphora Resolution in Natural Language Understanding: A Review,1981-04-01,Coherence relations,"What are the two basic classes of coherence relations, and how are they exemplified in discourse?",https://github.com/realliyifei/capri-explore/tree/main/qa_pairs_v19/markdown_files/3176028-s17.md,False
234093015-s10,A Survey of Data Augmentation Approaches for NLP,2021-05-07,Tasks,How have data augmentation techniques been adapted for named entity recognition tasks to enhance model performance?,https://github.com/realliyifei/capri-explore/tree/main/qa_pairs_v19/markdown_files/234093015-s10.md,False
235790370-s12,A Systematic Survey of Text Worlds as Embodied Natural Language Environments,2021-07-08,Generative Environments,"How do procedurally generated environments enhance the ability of simulations to generalize, compared to environments that are statically initialized?",https://github.com/realliyifei/capri-explore/tree/main/qa_pairs_v19/markdown_files/235790370-s12.md,False
236460241-s2,A Survey of Code-switching: Linguistic and Social Perspectives for Language Technologies,2023-01-05,"Code-switching, Borrowing, Transfer, Loan Translation","What are the differences between loan translation and transfer in linguistics, and can you provide examples of these phenomena?",https://github.com/realliyifei/capri-explore/tree/main/qa_pairs_v19/markdown_files/236460241-s2.md,False
11250379-s1,A Survey on Automatic Speech Recognition with an Illustrative Example on Continuous Speech Recognition of Mandarin,1996-08-01,Continuous Speech Recognition of Mandarin,"How is the statistical pattern recognition approach utilized in automatic speech recognition, and what are its essential components?",https://github.com/realliyifei/capri-explore/tree/main/qa_pairs_v19/markdown_files/11250379-s1.md,False
11250379-s8,A Survey on Automatic Speech Recognition with an Illustrative Example on Continuous Speech Recognition of Mandarin,1996-08-01,Continuous Speech Recognition of Mandarin,How does incorporating linguistic context dependency enhance recognition accuracy in continuous Mandarin speech recognition?,https://github.com/realliyifei/capri-explore/tree/main/qa_pairs_v19/markdown_files/11250379-s8.md,False
11250379-s9,A Survey on Automatic Speech Recognition with an Illustrative Example on Continuous Speech Recognition of Mandarin,1996-08-01,Acoustic Modeling of Speech Units,What are the advantages and difficulties associated with using hidden Markov models in speech recognition systems?,https://github.com/realliyifei/capri-explore/tree/main/qa_pairs_v19/markdown_files/11250379-s9.md,False
11250379-s19,A Survey on Automatic Speech Recognition with an Illustrative Example on Continuous Speech Recognition of Mandarin,1996-08-01,Continuous Speech Recognition of Mandarin,What challenges and limitations are associated with using decoupled approaches in Mandarin speech recognition systems?,https://github.com/realliyifei/capri-explore/tree/main/qa_pairs_v19/markdown_files/11250379-s19.md,False
264833196-s13,Transformers as Recognizers of Formal Languages: A Survey on Expressivity,2023-11-01,Transformer encoder-decoders,How does the encoder-decoder architecture improve the processing and acceptance of strings in formal language recognition?,https://github.com/realliyifei/capri-explore/tree/main/qa_pairs_v19/markdown_files/264833196-s13.md,False
264833196-s15,Transformers as Recognizers of Formal Languages: A Survey on Expressivity,2023-11-01,Number representations,What are the challenges and considerations when limiting numeric precision in transformer models?,https://github.com/realliyifei/capri-explore/tree/main/qa_pairs_v19/markdown_files/264833196-s15.md,False
